Date,Open,High,Low,Close,Adj Close,Volume
2023-01-02,128.91,129.88,127.57,129.17,129.17,59222197
2023-01-03,128.83,131.75,126.33,128.99,128.99,58619909
2023-01-04,130.16,132.0,129.15,130.49,130.49,81998144
2023-01-05,134.32,135.33,132.61,133.89,133.89,100197527
2023-01-06,133.58,134.17,132.98,133.49,133.49,95639356
2023-01-09,132.99,133.93,130.24,133.1,133.1,66095628
2023-01-10,136.65,138.45,133.79,136.69,136.69,70228880
2023-01-11,139.04,140.35,136.24,138.55,138.55,85397660
2023-01-12,137.22,140.18,134.88,137.6,137.6,74281482
2023-01-13,139.06,140.61,136.56,138.96,138.96,72127117
2023-01-16,138.03,139.1,137.37,138.03,138.03,88148376
2023-01-17,137.21,139.23,134.73,137.09,137.09,48045068
2023-01-18,137.23,140.03,134.92,137.77,137.77,53640517
2023-01-19,133.94,134.77,132.53,133.54,133.54,115553024
2023-01-20,130.31,131.12,128.12,129.87,129.87,64174274
2023-01-23,128.85,129.32,127.85,128.78,128.78,96325411
2023-01-24,126.95,129.1,124.12,126.75,126.75,69316816
2023-01-25,127.95,129.95,125.9,127.52,127.52,70179773
2023-01-26,125.94,127.45,123.04,125.73,125.73,50968506
2023-01-27,122.57,125.25,120.02,122.91,122.91,79094740
2023-01-30,126.07,128.38,125.4,126.0,126.0,111870819
2023-01-31,125.75,127.53,123.21,125.64,125.64,62784552
2023-02-01,125.82,128.35,124.33,125.9,125.9,58602126
2023-02-02,123.29,124.14,121.31,123.06,123.06,86241305
2023-02-03,122.49,123.12,120.18,122.06,122.06,68889982
2023-02-06,122.82,123.81,121.8,122.4,122.4,62539015
2023-02-07,120.14,120.68,117.55,120.19,120.19,95809609
2023-02-08,120.67,122.63,119.54,121.04,121.04,84525809
2023-02-09,120.42,122.92,119.51,119.96,119.96,52190948
2023-02-10,119.81,120.26,118.13,119.49,119.49,68234756
2023-02-13,118.06,119.04,117.56,118.41,118.41,70198441
2023-02-14,122.55,123.97,119.57,122.14,122.14,69691356
2023-02-15,122.59,125.13,120.51,122.22,122.22,76230596
2023-02-16,120.22,121.31,118.15,120.2,120.2,55075026
2023-02-17,122.04,123.58,120.96,121.95,121.95,94835059
2023-02-20,119.51,120.06,119.1,119.6,119.6,89991040
2023-02-21,119.7,120.82,117.65,120.12,120.12,50793785
2023-02-22,116.2,118.88,115.09,116.35,116.35,63011829
2023-02-23,114.18,116.62,111.83,113.91,113.91,80066987
2023-02-24,113.93,114.74,112.65,114.38,114.38,48761898
2023-02-27,115.73,118.32,114.2,115.88,115.88,67242554
2023-02-28,116.22,118.08,115.81,116.32,116.32,56584140
2023-03-01,116.24,118.5,114.99,116.2,116.2,55390409
2023-03-02,116.12,117.47,113.95,115.73,115.73,95025481
2023-03-03,112.87,114.46,110.64,113.01,113.01,70108219
2023-03-06,111.64,113.15,109.5,111.78,111.78,101099323
2023-03-07,111.24,112.98,109.06,111.03,111.03,77482481
2023-03-08,113.02,113.71,111.08,113.07,113.07,106001049
2023-03-09,113.56,114.22,112.9,113.81,113.81,90049861
2023-03-10,110.56,111.59,109.31,110.61,110.61,66346231
2023-03-13,110.98,113.12,109.64,111.3,111.3,84673666
2023-03-14,110.41,111.45,108.22,110.69,110.69,81518308
2023-03-15,109.56,111.29,108.94,109.56,109.56,51007251
2023-03-16,110.69,113.14,109.78,110.77,110.77,52385885
2023-03-17,113.13,113.67,110.42,112.75,112.75,70965872
2023-03-20,114.46,116.4,113.48,114.59,114.59,72044737
2023-03-21,113.18,114.47,111.79,113.11,113.11,100377189
2023-03-22,112.75,114.95,110.33,112.63,112.63,65287191
2023-03-23,112.91,114.08,111.41,113.35,113.35,92086321
2023-03-24,115.43,117.3,113.81,115.28,115.28,53620531
2023-03-27,114.18,116.64,112.03,114.48,114.48,93479377
2023-03-28,114.65,117.06,113.77,114.23,114.23,93530298
2023-03-29,111.94,114.05,111.28,112.25,112.25,105221601
2023-03-30,110.06,111.51,109.04,110.14,110.14,74508493
2023-03-31,111.35,113.36,109.88,111.72,111.72,70423026
2023-04-03,114.78,117.01,112.7,114.32,114.32,86417734
2023-04-04,114.29,115.87,113.19,114.29,114.29,50163480
2023-04-05,116.38,116.79,114.93,116.29,116.29,67658058
2023-04-06,116.68,119.51,114.25,117.09,117.09,100113535
2023-04-07,116.18,118.05,114.53,115.95,115.95,79314893
2023-04-10,116.48,118.6,115.7,116.75,116.75,50078329
2023-04-11,120.2,121.05,118.23,119.82,119.82,103020201
2023-04-12,119.57,121.72,117.06,119.86,119.86,60294611
2023-04-13,122.76,124.35,121.89,123.06,123.06,61460324
2023-04-14,117.42,119.67,115.28,117.86,117.86,123798299
2023-04-17,119.54,120.16,117.49,119.56,119.56,53450487
2023-04-18,119.91,121.76,117.58,119.84,119.84,61928991
2023-04-19,118.95,121.99,117.08,119.36,119.36,91306112
2023-04-20,119.92,120.39,118.74,119.65,119.65,47632715
2023-04-21,115.8,118.34,114.39,115.84,115.84,91215582
2023-04-24,115.55,116.79,113.43,115.53,115.53,93600465
2023-04-25,116.26,118.59,115.64,116.31,116.31,80141814
2023-04-26,119.16,121.39,118.53,119.26,119.26,77735218
2023-04-27,118.4,120.03,117.7,118.35,118.35,55050330
2023-04-28,116.55,118.87,114.52,116.88,116.88,76657610
2023-05-01,115.72,118.3,114.17,116.02,116.02,90508576
2023-05-02,118.22,119.48,117.49,117.88,117.88,95988198
2023-05-03,119.05,120.14,117.75,118.62,118.62,70551065
2023-05-04,117.58,119.54,115.05,117.7,117.7,95452617
2023-05-05,118.58,120.98,116.12,118.8,118.8,61684390
2023-05-08,119.24,121.32,117.53,119.1,119.1,69919178
2023-05-09,121.03,123.31,120.45,121.11,121.11,60556700
2023-05-10,119.37,121.17,117.96,119.82,119.82,96638750
2023-05-11,118.96,121.5,117.46,119.28,119.28,69725440
2023-05-12,118.83,119.46,116.25,118.62,118.62,90418567
2023-05-15,116.01,117.56,114.76,115.87,115.87,101988188
2023-05-16,116.1,116.9,115.36,116.54,116.54,76744609
2023-05-17,116.89,118.22,115.16,117.15,117.15,50926061
2023-05-18,117.01,118.44,116.16,117.27,117.27,83759947
2023-05-19,117.08,118.31,116.49,116.92,116.92,50913523
2023-05-22,113.86,116.15,111.79,114.3,114.3,105700313
2023-05-23,113.25,114.79,111.88,113.61,113.61,63067019
2023-05-24,113.34,114.65,111.2,113.07,113.07,69691477
2023-05-25,111.39,112.52,110.62,111.68,111.68,82877722
2023-05-26,111.62,112.75,110.26,111.48,111.48,71486469
2023-05-29,112.1,113.15,110.98,112.33,112.33,66058800
2023-05-30,115.56,116.44,114.77,115.93,115.93,81834882
2023-05-31,116.13,118.05,114.45,116.37,116.37,64554357
2023-06-01,117.18,119.02,116.43,116.97,116.97,98747159
2023-06-02,117.27,119.0,115.55,116.94,116.94,83569558
2023-06-05,113.64,114.98,111.19,113.34,113.34,115008227
2023-06-06,113.3,114.55,112.31,113.4,113.4,48296406
2023-06-07,113.77,115.97,112.83,113.61,113.61,64101939
2023-06-08,118.06,119.86,116.17,118.34,118.34,75538493
2023-06-09,117.87,119.5,117.2,118.07,118.07,59485457
2023-06-12,119.14,119.56,118.2,118.76,118.76,73396132
2023-06-13,118.34,119.93,116.36,118.81,118.81,63246746
2023-06-14,116.24,117.82,115.85,116.62,116.62,77834525
2023-06-15,118.65,120.19,116.36,118.93,118.93,74534136
2023-06-16,120.06,122.21,117.88,120.52,120.52,98842046
2023-06-19,121.89,123.8,119.63,122.2,122.2,98171341
2023-06-20,120.56,122.31,119.87,120.48,120.48,55089616
2023-06-21,123.3,125.54,122.12,123.38,123.38,90624965
2023-06-22,121.02,123.25,118.33,120.64,120.64,84151777
2023-06-23,122.23,124.26,120.25,121.92,121.92,88006328
2023-06-26,126.27,129.11,124.97,126.43,126.43,117460605
2023-06-27,124.25,124.9,121.71,124.48,124.48,104673554
2023-06-28,123.32,124.27,122.67,123.44,123.44,97587487
2023-06-29,123.84,124.23,122.92,123.75,123.75,55290685
2023-06-30,122.61,124.72,121.09,122.84,122.84,51140801
2023-07-03,119.93,122.33,119.37,119.81,119.81,55097998
2023-07-04,119.97,120.97,118.28,120.05,120.05,54328264
2023-07-05,118.11,120.54,117.67,118.06,118.06,80740961
2023-07-06,119.03,119.59,117.92,119.09,119.09,81942148
2023-07-07,117.2,119.83,116.04,117.39,117.39,52735141
2023-07-10,120.94,122.11,118.23,120.5,120.5,93649763
2023-07-11,119.31,119.9,118.43,119.06,119.06,68593665
2023-07-12,118.19,119.98,116.55,118.54,118.54,68005524
2023-07-13,120.59,121.54,117.96,120.24,120.24,94309531
2023-07-14,117.89,118.9,115.33,117.9,117.9,102288255
2023-07-17,118.83,119.88,117.11,118.45,118.45,63179506
2023-07-18,121.41,123.63,119.67,121.12,121.12,84808792
2023-07-19,117.95,119.58,116.96,118.02,118.02,112929121
2023-07-20,118.03,119.54,117.43,118.49,118.49,79186752
2023-07-21,118.88,120.84,116.45,119.1,119.1,47643604
2023-07-24,120.79,122.79,119.77,120.75,120.75,90469031
2023-07-25,118.52,119.49,116.21,118.4,118.4,61078830
2023-07-26,115.7,117.18,115.04,115.92,115.92,63126545
2023-07-27,116.69,117.65,115.94,117.03,117.03,54818318
2023-07-28,118.03,118.79,116.33,117.71,117.71,51815889
2023-07-31,118.76,120.66,117.3,118.31,118.31,91164630
2023-08-01,119.12,119.88,117.18,119.09,119.09,75008764
2023-08-02,117.55,119.39,116.02,117.86,117.86,99707154
2023-08-03,118.21,120.38,117.45,118.42,118.42,58511858
2023-08-04,118.65,119.71,117.07,119.11,119.11,93680731
2023-08-07,118.2,119.83,116.02,117.81,117.81,97494702
2023-08-08,121.18,122.5,119.65,121.55,121.55,74759915
2023-08-09,122.68,125.3,121.84,122.61,122.61,80416006
2023-08-10,120.09,121.78,118.22,120.31,120.31,79734330
2023-08-11,121.78,124.01,119.45,121.73,121.73,57660256
2023-08-14,120.03,121.64,118.86,119.88,119.88,90750389
2023-08-15,121.87,122.33,120.78,121.55,121.55,57774830
2023-08-16,123.69,125.85,121.21,123.98,123.98,88574753
2023-08-17,121.94,125.0,119.81,122.42,122.42,54534006
2023-08-18,124.11,126.27,121.72,124.48,124.48,78687258
2023-08-21,125.84,128.18,123.51,125.44,125.44,77510312
2023-08-22,127.64,130.16,125.54,127.26,127.26,85027077
2023-08-23,131.46,132.42,130.33,131.36,131.36,59570385
2023-08-24,131.05,131.97,129.68,130.94,130.94,51949423
2023-08-25,129.61,131.5,128.12,129.44,129.44,70409836
2023-08-28,127.32,129.04,125.38,127.66,127.66,86092861
2023-08-29,126.47,128.87,125.3,126.05,126.05,98099197
2023-08-30,125.93,128.54,124.29,126.01,126.01,81128066
2023-08-31,126.72,128.07,126.29,126.84,126.84,96319199
2023-09-01,127.55,128.51,126.26,127.53,127.53,91200286
2023-09-04,128.92,131.7,126.39,129.39,129.39,59487435
2023-09-05,129.19,130.6,128.01,129.54,129.54,62633151
2023-09-06,133.01,135.49,130.66,132.76,132.76,92681864
2023-09-07,131.86,133.77,130.68,132.3,132.3,66770051
2023-09-08,138.48,140.65,135.5,138.36,138.36,75195632
2023-09-11,139.64,140.59,137.03,139.92,139.92,70176131
2023-09-12,137.95,140.12,137.16,138.07,138.07,70398881
2023-09-13,135.53,137.33,133.13,135.76,135.76,57044761
2023-09-14,136.8,138.9,135.97,136.96,136.96,85686256
2023-09-15,136.82,137.67,134.3,136.58,136.58,51938643
2023-09-18,138.09,140.67,136.74,138.32,138.32,76032617
2023-09-19,139.6,142.31,138.3,139.53,139.53,61584648
2023-09-20,139.46,140.48,137.75,139.49,139.49,74189383
2023-09-21,137.85,138.51,135.44,137.67,137.67,77370706
2023-09-22,134.82,135.29,131.94,134.35,134.35,61386276
2023-09-25,133.73,135.77,130.63,133.49,133.49,71910914
2023-09-26,135.19,137.46,132.99,135.49,135.49,70894225
2023-09-27,135.59,137.92,134.29,136.1,136.1,61329320
2023-09-28,133.17,134.41,132.62,133.43,133.43,70481370
2023-09-29,134.03,135.43,133.2,133.93,133.93,81625071
2023-10-02,134.42,136.83,133.42,134.9,134.9,48021092
2023-10-03,133.06,134.72,132.12,133.06,133.06,87727659
2023-10-04,133.62,136.53,132.27,133.52,133.52,53474530
2023-10-05,133.59,134.52,131.32,133.77,133.77,54171201
2023-10-06,131.66,133.79,130.75,131.37,131.37,100052137
2023-10-09,131.85,133.68,130.63,132.27,132.27,69518173
2023-10-10,133.16,135.1,131.65,133.61,133.61,67100572
2023-10-11,136.37,138.64,133.42,136.12,136.12,88227608
2023-10-12,138.61,140.86,136.74,138.62,138.62,81335401
2023-10-13,135.8,138.76,133.8,135.59,135.59,97395341
2023-10-16,133.55,134.35,132.81,133.62,133.62,65558943
2023-10-17,134.6,135.55,133.04,134.88,134.88,80768702
2023-10-18,136.49,138.78,134.13,136.15,136.15,92185163
2023-10-19,137.76,139.68,136.96,137.43,137.43,92460133
2023-10-20,146.52,147.72,143.38,146.29,146.29,98497502
2023-10-23,147.53,148.47,145.47,147.8,147.8,72251688
2023-10-24,150.82,151.52,147.51,150.71,150.71,106598700
2023-10-25,153.05,156.28,151.83,153.22,153.22,70875378
2023-10-26,154.5,156.04,153.8,155.01,155.01,71105779
2023-10-27,154.86,156.28,151.77,154.34,154.34,72456177
2023-10-30,155.96,157.56,155.08,156.42,156.42,74690858
2023-10-31,155.13,156.64,152.03,154.57,154.57,71750302
2023-11-01,154.04,154.77,153.32,154.11,154.11,63400092
2023-11-02,152.63,154.98,151.46,153.01,153.01,79107796
2023-11-03,153.41,154.07,152.33,153.36,153.36,91000790
2023-11-06,159.84,162.75,155.91,159.36,159.36,81444872
2023-11-07,154.88,156.04,154.02,154.6,154.6,107082025
2023-11-08,156.87,158.95,155.21,156.49,156.49,102708564
2023-11-09,152.66,155.67,150.0,152.47,152.47,86897370
2023-11-10,151.66,153.99,150.48,151.42,151.42,55882405
2023-11-13,154.71,156.74,151.71,154.28,154.28,84584182
2023-11-14,154.28,156.0,153.44,154.59,154.59,75718410
2023-11-15,151.97,153.4,148.95,151.98,151.98,91689115
2023-11-16,149.99,152.69,148.7,150.33,150.33,97285379
2023-11-17,152.74,156.09,150.37,152.15,152.15,50206460
2023-11-20,150.99,153.34,147.42,150.46,150.46,74499683
2023-11-21,150.58,153.19,147.96,151.13,151.13,61942293
2023-11-22,151.63,154.19,148.09,151.39,151.39,45914641
2023-11-23,150.41,152.19,147.93,149.9,149.9,60802442
2023-11-24,154.94,155.98,152.42,155.34,155.34,59027221
2023-11-27,157.19,159.34,155.44,157.11,157.11,98825725
2023-11-28,152.51,155.74,149.52,152.0,152.0,90994520
2023-11-29,152.04,153.57,149.56,152.61,152.61,98031334
2023-11-30,151.32,153.76,149.89,151.08,151.08,99413708
2023-12-01,153.1,154.39,149.87,153.35,153.35,51216954
2023-12-04,152.0,154.0,150.75,151.48,151.48,85338838
2023-12-05,151.9,152.64,150.46,151.33,151.33,55112172
2023-12-06,153.28,155.05,151.31,152.73,152.73,58451077
2023-12-07,155.03,157.75,153.36,155.06,155.06,98190072
2023-12-08,152.57,154.03,151.36,152.13,152.13,58928602
2023-12-11,151.85,154.22,148.63,151.43,151.43,90719238
2023-12-12,150.16,153.11,147.09,150.38,150.38,98417788
2023-12-13,149.29,152.37,146.3,148.9,148.9,91250249
2023-12-14,152.81,154.52,151.75,153.37,153.37,105121166
2023-12-15,154.66,156.3,151.24,154.54,154.54,76127109
2023-12-18,151.14,152.36,149.49,151.47,151.47,58322804
2023-12-19,153.43,157.26,152.96,153.9,153.9,87440798
2023-12-20,158.89,162.72,157.98,159.43,159.43,83353247
2023-12-21,162.55,164.7,160.33,162.29,162.29,63742565
2023-12-22,158.17,161.38,154.88,158.37,158.37,67000571
2023-12-25,157.54,159.57,156.28,157.25,157.25,77849338
2023-12-26,160.13,163.07,158.43,160.69,160.69,96907190
2023-12-27,158.72,159.7,155.58,158.96,158.96,85449909
2023-12-28,160.32,163.1,157.03,160.27,160.27,75078612
2023-12-29,162.84,163.73,161.7,162.46,162.46,104742985
2024-01-01,159.9,163.12,158.41,160.13,160.13,98893950
2024-01-02,160.28,163.14,159.12,160.12,160.12,84877381
2024-01-03,152.17,154.68,150.9,151.7,151.7,121223112
2024-01-04,149.42,149.97,147.62,149.28,149.28,74049621
2024-01-05,148.48,150.1,146.67,148.79,148.79,68385527
2024-01-08,145.31,147.03,143.3,145.87,145.87,107198033
2024-01-09,150.37,151.85,147.53,149.93,149.93,94514186
2024-01-10,145.97,147.21,143.96,146.53,146.53,106532621
2024-01-11,146.04,149.07,144.54,145.6,145.6,50006477
2024-01-12,146.08,148.06,144.51,146.05,146.05,97029163
2024-01-15,150.18,151.5,148.9,149.66,149.66,93731921
2024-01-16,146.6,148.14,144.26,146.25,146.25,99834763
2024-01-17,149.78,151.51,147.63,149.19,149.19,109747068
2024-01-18,149.17,151.5,147.68,149.35,149.35,84724833
2024-01-19,147.39,149.27,145.49,147.07,147.07,83202749
2024-01-22,148.21,151.36,146.93,148.33,148.33,94376926
2024-01-23,148.93,150.8,146.32,148.95,148.95,94700756
2024-01-24,147.76,150.99,145.8,147.61,147.61,78341301
2024-01-25,148.36,151.21,144.96,147.92,147.92,82565297
2024-01-26,147.68,148.71,144.95,147.11,147.11,95992991
2024-01-29,147.84,150.9,145.65,147.53,147.53,70036863
2024-01-30,149.17,150.05,147.74,149.27,149.27,93931878
2024-01-31,153.22,156.16,152.62,153.32,153.32,78720442
2024-02-01,150.61,152.15,148.73,150.33,150.33,91949124
2024-02-02,155.43,158.82,154.21,155.76,155.76,91551350
2024-02-05,150.41,153.82,148.55,150.88,150.88,94121411
2024-02-06,150.47,153.4,148.97,150.64,150.64,59071081
2024-02-07,151.98,154.99,148.85,152.24,152.24,60354816
2024-02-08,152.84,154.43,150.22,153.09,153.09,94579202
2024-02-09,151.33,152.35,149.05,151.66,151.66,101953077
2024-02-12,150.72,152.89,148.76,151.28,151.28,89871530
2024-02-13,149.61,151.13,146.44,150.18,150.18,53199937
2024-02-14,149.44,151.86,145.98,148.86,148.86,83120337
2024-02-15,151.0,152.53,148.47,151.09,151.09,64147504
2024-02-16,151.97,155.39,151.44,152.12,152.12,81428193
2024-02-19,150.73,153.02,148.15,150.52,150.52,92672562
2024-02-20,152.54,155.74,150.59,152.89,152.89,106482536
2024-02-21,154.36,155.21,150.99,153.8,153.8,94164211
2024-02-22,156.37,159.4,154.39,156.01,156.01,52189801
2024-02-23,157.25,161.01,154.63,157.77,157.77,89339339
2024-02-26,155.66,157.67,152.85,155.76,155.76,82322769
2024-02-27,154.93,157.18,152.58,154.46,154.46,80245122
2024-02-28,157.07,159.82,153.08,156.51,156.51,51515744
2024-02-29,158.19,159.23,154.73,158.23,158.23,93541911
2024-03-01,158.47,160.45,155.5,158.32,158.32,70398487
2024-03-04,158.35,160.45,154.98,158.77,158.77,64569077
2024-03-05,162.9,163.85,159.03,162.27,162.27,106367298
2024-03-06,160.49,162.44,157.99,160.83,160.83,97996439
2024-03-07,163.01,163.71,161.34,162.43,162.43,60671946
2024-03-08,162.23,162.8,160.24,162.04,162.04,51415085
2024-03-11,161.75,162.65,159.63,161.61,161.61,95730209
2024-03-12,164.7,168.21,161.98,164.69,164.69,60018679
2024-03-13,166.72,169.33,166.0,167.08,167.08,104369549
2024-03-14,169.04,173.09,166.59,169.48,169.48,79855322
2024-03-15,172.9,175.23,169.38,173.28,173.28,107862625
2024-03-18,173.07,175.05,171.29,173.5,173.5,75871369
2024-03-19,176.01,178.23,172.13,175.61,175.61,70972823
2024-03-20,174.67,176.86,171.97,174.88,174.88,72413238
2024-03-21,175.35,176.85,173.18,175.97,175.97,85855960
2024-03-22,176.42,179.09,174.81,175.76,175.76,77147244
2024-03-25,176.74,178.0,173.98,176.2,176.2,55409998
2024-03-26,178.7,181.34,176.55,178.09,178.09,74151962
2024-03-27,176.55,179.26,175.3,175.85,175.85,99032184
2024-03-28,181.61,183.16,178.07,182.08,182.08,102690086
2024-03-29,179.08,179.98,176.08,179.23,179.23,86723514
2024-04-01,176.17,179.31,173.25,175.8,175.8,77182641
2024-04-02,179.61,181.71,176.82,179.33,179.33,103788373
2024-04-03,181.33,182.58,178.76,181.83,181.83,50505691
2024-04-04,184.34,188.37,183.0,183.87,183.87,79225938
2024-04-05,185.54,186.71,183.97,185.95,185.95,82043594
2024-04-08,185.67,189.1,183.73,186.08,186.08,56426059
2024-04-09,183.55,187.53,180.54,183.5,183.5,78639854
2024-04-10,184.03,185.42,182.73,183.9,183.9,95843412
2024-04-11,182.13,183.17,181.31,182.01,182.01,91977186
2024-04-12,184.5,186.09,183.32,185.11,185.11,86659321
2024-04-15,185.39,187.01,180.77,184.83,184.83,84830074
2024-04-16,182.14,183.38,180.33,182.48,182.48,64574715
2024-04-17,181.14,184.61,177.33,181.68,181.68,55404677
2024-04-18,183.65,184.42,179.95,183.09,183.09,67481932
2024-04-19,182.21,184.52,177.76,181.55,181.55,71460528
2024-04-22,179.77,183.72,177.37,179.25,179.25,96501498
2024-04-23,180.59,183.92,178.53,180.14,180.14,81952425
2024-04-24,181.26,183.92,177.45,181.03,181.03,88599474
2024-04-25,179.76,181.35,177.04,179.69,179.69,62815280
2024-04-26,177.87,181.11,175.49,178.46,178.46,98226700
2024-04-29,179.17,181.64,176.49,179.3,179.3,87590656
2024-04-30,175.01,177.13,171.56,175.18,175.18,83843086
2024-05-01,170.95,172.22,168.55,171.28,171.28,74752660
2024-05-02,169.71,173.07,168.09,169.4,169.4,96163528
2024-05-03,168.96,170.91,165.47,168.96,168.96,95920400
2024-05-06,169.42,171.12,165.95,169.99,169.99,54604446
2024-05-07,173.89,176.02,171.24,174.28,174.28,73823090
2024-05-08,177.17,179.09,176.18,176.91,176.91,83282890
2024-05-09,176.0,179.91,174.37,176.6,176.6,95396057
2024-05-10,177.21,180.21,175.1,176.71,176.71,62558233
2024-05-13,173.94,177.01,171.31,173.95,173.95,80503288
2024-05-14,174.03,174.61,172.16,174.06,174.06,47132321
2024-05-15,173.51,175.41,169.61,173.39,173.39,86791467
2024-05-16,174.92,177.05,172.74,174.47,174.47,95762197
2024-05-17,172.04,172.83,171.24,172.25,172.25,85713705
2024-05-20,174.13,175.51,172.08,173.88,173.88,81741133
2024-05-21,178.53,181.65,177.48,178.44,178.44,84109358
2024-05-22,177.95,179.28,176.49,178.28,178.28,52762452
2024-05-23,180.17,182.55,176.09,179.63,179.63,88159828
2024-05-24,182.27,183.57,180.96,181.84,181.84,98025356
2024-05-27,181.03,181.62,177.06,180.8,180.8,96486693
2024-05-28,182.15,183.53,179.49,181.64,181.64,93174372
2024-05-29,182.38,186.31,178.33,181.84,181.84,53350526
2024-05-30,182.61,185.94,178.33,182.3,182.3,64600333
2024-05-31,180.63,184.47,177.63,180.15,180.15,55692027
2024-06-03,180.67,182.89,177.43,180.39,180.39,92475102
2024-06-04,182.3,183.22,179.71,182.03,182.03,79931081
2024-06-05,186.74,189.24,184.5,186.56,186.56,105047034
2024-06-06,190.07,192.28,185.67,189.68,189.68,81708465
2024-06-07,196.06,200.34,192.21,196.6,196.6,102872736
2024-06-10,194.88,195.83,192.08,194.29,194.29,53931743
2024-06-11,197.85,200.28,194.21,197.26,197.26,105103261
2024-06-12,197.3,199.2,195.69,198.04,198.04,53394020
2024-06-13,205.92,207.8,203.41,205.38,205.38,121487374
2024-06-14,202.23,206.28,201.03,202.83,202.83,93635530
2024-06-17,199.94,202.62,198.18,200.21,200.21,51462791
2024-06-18,198.8,200.81,195.67,198.41,198.41,64440031
2024-06-19,191.12,193.65,189.36,191.64,191.64,90220280
2024-06-20,190.64,192.87,186.97,190.15,190.15,100756331
2024-06-21,188.45,191.82,184.91,187.95,187.95,68389250
2024-06-24,188.6,192.36,187.27,188.59,188.59,56617123
2024-06-25,189.07,193.84,186.52,189.82,189.82,72775631
2024-06-26,195.54,199.39,194.21,195.87,195.87,99887013
2024-06-27,199.31,201.11,197.86,199.13,199.13,79964345
2024-06-28,198.17,201.36,196.29,197.41,197.41,57748257
2024-07-01,194.87,197.08,193.78,194.67,194.67,58463440
2024-07-02,196.05,197.97,193.34,196.43,196.43,83623001
2024-07-03,192.54,196.19,189.26,192.33,192.33,102350813
2024-07-04,198.38,199.12,196.15,198.32,198.32,81794279
2024-07-05,202.81,206.9,199.34,202.36,202.36,68297341
2024-07-08,200.35,203.35,198.23,200.98,200.98,62614413
2024-07-09,195.89,198.85,193.8,195.48,195.48,94381319
2024-07-10,200.1,203.2,198.25,200.03,200.03,91046124
2024-07-11,200.58,204.59,196.86,199.84,199.84,78568514
2024-07-12,203.84,207.18,200.01,204.1,204.1,58862377
2024-07-15,199.13,202.05,196.17,198.92,198.92,85867980
2024-07-16,197.82,198.66,193.33,197.14,197.14,91985125
2024-07-17,196.71,199.87,195.71,197.34,197.34,60504037
2024-07-18,198.36,199.52,194.62,197.67,197.67,47394650
2024-07-19,196.68,200.02,192.64,196.38,196.38,51068350
2024-07-22,197.9,201.11,193.64,198.58,198.58,58221078
2024-07-23,194.96,198.38,193.06,195.27,195.27,78405420
2024-07-24,195.31,196.05,193.06,194.99,194.99,50177392
2024-07-25,194.88,196.46,191.85,195.55,195.55,84615442
2024-07-26,197.52,200.81,193.32,197.39,197.39,101656692
2024-07-29,199.65,200.77,196.81,199.89,199.89,55452121
2024-07-30,196.56,197.41,193.21,196.37,196.37,66980040
2024-07-31,190.88,192.2,189.14,191.58,191.58,101521297
2024-08-01,196.38,200.53,193.74,195.79,195.79,94479074
2024-08-02,197.79,201.16,194.08,197.05,197.05,62968957
2024-08-05,195.53,197.42,191.32,194.79,194.79,91100234
2024-08-06,200.36,202.09,199.31,199.96,199.96,65475259
2024-08-07,199.93,202.46,197.26,200.53,200.53,54509342
2024-08-08,205.03,208.67,202.79,204.61,204.61,103870133
2024-08-09,204.25,208.22,200.3,205.03,205.03,92265267
2024-08-12,211.38,213.57,208.68,212.19,212.19,99254786
2024-08-13,218.22,219.91,213.53,218.53,218.53,64033831
2024-08-14,217.81,218.89,215.11,217.83,217.83,52031554
2024-08-15,222.0,225.45,220.71,221.52,221.52,76996803
2024-08-16,224.42,228.35,220.79,224.09,224.09,65305399
2024-08-19,229.25,231.2,224.38,229.35,229.35,53728640
2024-08-20,225.5,226.68,220.68,225.91,225.91,104662799
2024-08-21,229.59,230.64,225.33,228.68,228.68,56760799
2024-08-22,232.74,237.86,228.33,232.88,232.88,71082451
2024-08-23,226.25,228.29,221.37,226.34,226.34,113204064
2024-08-26,221.53,226.04,219.84,222.13,222.13,94418974
2024-08-27,215.36,218.57,212.0,214.86,214.86,83766701
2024-08-28,214.43,216.63,210.57,214.1,214.1,75007202
2024-08-29,216.35,218.33,215.29,216.83,216.83,65140264
2024-08-30,221.66,223.59,217.28,222.41,222.41,77539857
2024-09-02,223.21,226.48,222.03,222.88,222.88,76003835
2024-09-03,229.36,233.43,225.4,229.08,229.08,91110789
2024-09-04,223.67,227.49,222.52,224.07,224.07,68821736
2024-09-05,218.77,221.63,215.68,217.98,217.98,61600586
2024-09-06,217.37,218.81,216.01,217.98,217.98,78077401
2024-09-09,219.44,224.26,218.72,219.56,219.56,51094687
2024-09-10,220.43,224.43,216.02,219.65,219.65,62653641
2024-09-11,212.22,214.17,211.43,212.36,212.36,100428869
2024-09-12,212.47,217.07,209.14,212.24,212.24,71590725
2024-09-13,207.7,210.87,204.65,207.87,207.87,93847532
2024-09-16,209.97,213.31,206.71,210.35,210.35,75183106
2024-09-17,212.64,216.3,209.34,211.82,211.82,87650192
2024-09-18,208.58,212.58,204.6,208.73,208.73,102866427
2024-09-19,207.81,211.02,204.77,207.15,207.15,47877848
2024-09-20,203.28,204.83,200.9,203.72,203.72,55255735
2024-09-23,203.23,205.62,201.7,203.7,203.7,88755048
2024-09-24,206.32,211.37,205.05,207.1,207.1,89192698
2024-09-25,204.17,205.65,201.14,203.92,203.92,56418812
2024-09-26,205.59,207.88,202.24,205.8,205.8,88817869
2024-09-27,204.79,207.08,200.71,204.19,204.19,63122387
2024-09-30,201.66,204.0,197.97,201.71,201.71,92430354
2024-10-01,202.29,205.26,197.32,201.54,201.54,72637172
2024-10-02,197.78,202.43,194.72,198.28,198.28,56633466
2024-10-03,197.23,198.73,193.33,196.65,196.65,61079526
2024-10-04,193.37,194.4,192.24,192.95,192.95,55598208
2024-10-07,199.81,201.16,197.1,199.38,199.38,57064972
2024-10-08,200.23,204.2,196.6,199.68,199.68,90379162
2024-10-09,197.97,200.99,195.39,197.56,197.56,80910507
2024-10-10,198.64,200.31,194.59,198.44,198.44,59061920
2024-10-11,197.66,201.92,194.98,198.25,198.25,78911323
2024-10-14,196.97,201.54,194.98,197.71,197.71,65195984
2024-10-15,200.57,204.4,197.35,199.89,199.89,69212524
2024-10-16,202.77,206.91,199.67,202.58,202.58,84908139
2024-10-17,201.47,203.04,200.36,200.99,200.99,49889240
2024-10-18,199.24,202.72,198.19,199.27,199.27,81703634
2024-10-21,197.94,200.88,195.93,198.54,198.54,90895964
2024-10-22,190.61,194.82,188.48,191.19,191.19,97696948
2024-10-23,186.86,190.01,184.68,186.58,186.58,93287448
2024-10-24,190.86,194.35,187.39,190.96,190.96,60969167
2024-10-25,195.85,199.36,193.01,196.32,196.32,81534592
2024-10-28,195.68,196.94,191.52,195.69,195.69,92813316
2024-10-29,197.05,200.38,194.49,197.74,197.74,65595398
2024-10-30,199.06,203.39,196.61,198.93,198.93,72142517
2024-10-31,208.84,213.58,205.15,209.22,209.22,104893032
2024-11-01,213.79,214.6,212.49,213.28,213.28,52034005
2024-11-04,212.7,214.33,211.7,213.03,213.03,78040182
2024-11-05,209.79,211.02,208.05,209.86,209.86,96924736
2024-11-06,203.7,207.93,201.28,204.49,204.49,78401983
2024-11-07,204.67,209.18,203.55,205.37,205.37,86823357
2024-11-08,202.82,204.43,198.86,202.99,202.99,52700338
2024-11-11,198.39,200.92,197.0,198.42,198.42,54414902
2024-11-12,196.64,200.37,192.63,196.48,196.48,76547798
2024-11-13,192.84,196.43,191.5,193.16,193.16,77503495
2024-11-14,199.02,201.67,195.38,198.71,198.71,84551050
2024-11-15,202.37,205.24,200.71,201.79,201.79,96401367
2024-11-18,202.4,204.96,201.12,201.95,201.95,57444400
2024-11-19,206.3,208.85,202.34,207.06,207.06,76228149
2024-11-20,207.49,210.37,204.74,207.52,207.52,71198678
2024-11-21,204.11,208.05,203.43,204.76,204.76,96060995
2024-11-22,209.66,214.21,206.97,210.09,210.09,56228713
2024-11-25,212.98,216.19,210.97,212.15,212.15,102107316
2024-11-26,208.12,212.36,205.87,208.72,208.72,93715144
2024-11-27,208.25,209.51,205.16,208.26,208.26,95261141
2024-11-28,205.63,208.05,202.03,205.44,205.44,96603931
2024-11-29,201.27,201.91,197.3,200.94,200.94,55322515
2024-12-02,204.29,205.86,202.66,204.2,204.2,59266980
2024-12-03,209.99,214.36,206.91,210.82,210.82,79652371
2024-12-04,205.86,210.65,203.33,206.15,206.15,65971884
2024-12-05,208.28,209.3,205.62,208.25,208.25,100805167
2024-12-06,205.53,208.4,203.26,206.21,206.21,90114569
2024-12-09,204.49,208.47,203.36,204.74,204.74,69189780
2024-12-10,202.17,204.32,201.49,202.93,202.93,74355646
2024-12-11,199.54,202.93,196.7,200.22,200.22,51373349
2024-12-12,200.4,203.96,199.14,200.56,200.56,81408778
2024-12-13,197.42,200.91,195.94,198.0,198.0,67736160
2024-12-16,199.17,200.48,196.85,199.06,199.06,74694475
2024-12-17,199.38,201.33,198.32,199.08,199.08,66722591
2024-12-18,198.96,202.52,194.87,198.48,198.48,94788892
2024-12-19,195.22,198.34,191.33,195.69,195.69,66278938
2024-12-20,193.49,194.61,192.38,194.01,194.01,57143792
2024-12-23,195.98,200.04,193.31,196.61,196.61,76672496
2024-12-24,198.63,199.36,197.24,198.41,198.41,63160689
2024-12-25,195.72,199.08,194.41,195.39,195.39,67019265
2024-12-26,195.16,197.24,191.1,195.89,195.89,94888218
2024-12-27,199.2,203.42,197.47,198.5,198.5,60892889
2024-12-30,192.52,195.15,189.93,193.22,193.22,95241698
2024-12-31,195.19,196.99,192.73,195.13,195.13,81740369
2025-01-01,193.5,194.62,191.22,193.17,193.17,101021870
2025-01-02,195.75,197.47,194.31,195.17,195.17,71698289
2025-01-03,193.22,197.02,188.72,192.89,192.89,91492045
2025-01-06,187.78,191.89,184.9,187.32,187.32,101731994
2025-01-07,182.23,184.29,180.6,182.47,182.47,82158105
2025-01-08,183.24,185.35,181.27,182.78,182.78,84324893
2025-01-09,183.11,186.8,181.49,183.73,183.73,47832382
2025-01-10,181.73,185.34,177.64,181.16,181.16,97350820
2025-01-13,183.3,185.92,180.24,183.23,183.23,66331651
2025-01-14,178.83,180.7,175.67,178.38,178.38,112056417
2025-01-15,178.28,180.28,177.08,178.35,178.35,93719263
2025-01-16,175.15,177.99,172.03,174.95,174.95,65598271
2025-01-17,173.26,173.8,170.11,173.23,173.23,93523356
2025-01-20,173.84,176.41,172.86,173.52,173.52,81836728
2025-01-21,170.65,172.89,166.92,171.22,171.22,103000398
2025-01-22,169.69,173.37,169.18,170.29,170.29,67051980
2025-01-23,172.92,174.1,171.34,173.27,173.27,93380111
2025-01-24,171.32,174.22,170.24,171.78,171.78,78590148
2025-01-27,174.83,176.95,171.45,174.31,174.31,84355850
2025-01-28,170.84,173.83,167.13,171.22,171.22,51993500
2025-01-29,173.53,174.27,171.5,172.88,172.88,95816754
2025-01-30,176.92,179.63,175.83,177.15,177.15,88469129
2025-01-31,169.65,172.41,168.31,170.09,170.09,72469106
2025-02-03,168.4,170.69,164.77,168.01,168.01,53429506
2025-02-04,169.98,172.44,168.46,169.76,169.76,88067264
2025-02-05,169.35,172.03,168.09,169.35,169.35,90517373
2025-02-06,170.62,173.74,168.92,170.54,170.54,70312877
2025-02-07,169.29,170.67,167.74,169.0,169.0,83907988
2025-02-10,169.03,172.56,168.03,169.4,169.4,52607903
2025-02-11,169.79,171.9,167.37,169.12,169.12,52521091
2025-02-12,173.19,173.96,169.02,172.53,172.53,103492864
2025-02-13,173.62,174.34,171.2,173.41,173.41,80308550
2025-02-14,174.12,176.17,170.55,174.54,174.54,87529350
2025-02-17,173.76,176.88,171.04,173.51,173.51,91074316
2025-02-18,171.69,175.11,169.24,172.28,172.28,52451266
2025-02-19,170.56,174.28,167.02,171.21,171.21,90067039
2025-02-20,172.14,174.69,169.5,172.48,172.48,85471721
2025-02-21,171.39,173.39,167.98,171.44,171.44,90346899
2025-02-24,172.92,173.93,171.27,172.42,172.42,57986701
2025-02-25,178.8,180.45,177.77,178.48,178.48,88024108
2025-02-26,181.56,183.6,177.47,181.21,181.21,83214055
2025-02-27,180.29,181.24,179.6,180.4,180.4,76286572
2025-02-28,183.91,185.47,181.69,184.14,184.14,77282303
2025-03-03,182.88,185.7,179.9,183.07,183.07,47402599
2025-03-04,177.77,180.79,173.45,177.08,177.08,58521256
2025-03-05,173.66,178.13,171.49,174.3,174.3,95887306
2025-03-06,169.58,173.09,167.91,169.08,169.08,58107181
2025-03-07,168.36,170.92,166.81,168.26,168.26,89457187
2025-03-10,168.38,170.31,164.83,168.46,168.46,49436124
2025-03-11,173.59,176.21,169.7,173.28,173.28,112662642
2025-03-12,174.35,177.5,171.85,174.37,174.37,98790214
2025-03-13,174.42,175.33,171.05,173.9,173.9,48920277
2025-03-14,177.01,178.92,173.34,176.44,176.44,53014976
2025-03-17,170.06,173.39,167.23,170.17,170.17,93866595
2025-03-18,170.68,172.74,169.53,170.98,170.98,53452681
2025-03-19,173.44,175.85,172.56,173.32,173.32,50678671
2025-03-20,169.8,172.21,166.83,169.25,169.25,72655777
2025-03-21,172.2,173.72,171.37,172.6,172.6,55102154
2025-03-24,173.89,175.61,170.96,173.72,173.72,55231197
2025-03-25,172.87,174.49,170.45,172.69,172.69,52029765
2025-03-26,174.98,175.59,171.56,174.65,174.65,70774268
2025-03-27,180.82,181.98,179.04,181.35,181.35,76043617
2025-03-28,182.38,185.81,181.45,182.07,182.07,59880139
2025-03-31,183.58,185.08,181.05,182.98,182.98,89176074
2025-04-01,181.29,184.09,178.54,181.76,181.76,69083171
2025-04-02,179.0,180.93,177.27,179.38,179.38,86354018
2025-04-03,182.69,186.5,178.42,182.0,182.0,73269428
2025-04-04,179.14,181.02,178.22,179.6,179.6,65260684
2025-04-07,180.49,182.5,177.74,179.98,179.98,85573193
2025-04-08,178.71,182.22,176.31,178.72,178.72,80970921
2025-04-09,179.93,183.72,177.98,180.3,180.3,86746993
2025-04-10,182.0,183.19,179.62,181.46,181.46,61440581
2025-04-11,184.65,188.1,180.84,184.73,184.73,106961433
2025-04-14,183.37,185.51,181.69,183.35,183.35,74248808
2025-04-15,182.49,184.92,179.32,182.7,182.7,72455043
2025-04-16,180.05,181.05,178.4,179.92,179.92,88919710
2025-04-17,178.28,179.57,177.15,178.76,178.76,77627879
2025-04-18,179.88,183.07,178.67,180.04,180.04,67282676
2025-04-21,183.14,185.42,180.36,182.45,182.45,77985296
2025-04-22,179.5,181.88,177.32,179.85,179.85,55043701
2025-04-23,182.82,185.9,179.07,182.59,182.59,75931640
2025-04-24,186.58,190.12,185.23,186.84,186.84,53532398
2025-04-25,188.7,189.84,185.12,188.29,188.29,87903166
